datum,stijl,bezetting,liturgie
2023-01-01,,,"Votum en zegengroet
Antwoordlied: Ps. 138: 1, 2 Nieuwe Psalmberijming
Geloofsbelijdenis
GKB 161:1-4 (Heer, U bent mijn leven de grond waarop ik sta)
Kindermoment
Gebed voor de opening van het Woord
Bijbellezing: Pred. 11:7-12:8
Preek
Antwoordlied: NLB 513:1-4 (God heeft het eerste woord)
Mededelingen en gebed
Collecte
Slotlied: NLB psalm 90a: 1, 3, 5, 6
Zegen"
2023-01-08,,,"Opening van de dienst
Lied: Jezus, wij verhogen U (Opw. 237)
Leefregel uit Matteüs 6 (Bergrede)
Schuldbelijdenis en genadeverkondiging
Lied: Psalm 145 (PvN) 
Bediening Heilige Doop aan Floor Elizabeth van Meeuwen (incl. lied 'Doop' van Sela)
(Kinder)lied: Here der heren, koning der koningen (Opw. 159)
Gebed voor de opening van het Woord
Bijbellezing: Matteüs 2,1-12
Preek
Lied: Licht van de wereld / kom laten wij aanbidden.
Voorbeden en collecte
Slotlied: Hoe groot zijt Gij (Opw. 407)
Zegen "
2023-01-15,,,"Opening van de dienst
Openingspsalm: 92:1,5,6
Geloofsbelijdenis
Lied: Father we love you (NLB 875)
Kinderen naar de chrisclub
Gebed voor de opening van het Woord - NLB 314
Bijbellezing: Matteus 7,28-8,13
Preek
Antwoordlied: NLB 868:1,2,5
Voorbeden
Aankondigingen en collecten
Slotlied: Psalm 67:1,2 (wisselzang en refrein)
Zegen"
2023-01-22,,,"Welkom
Moment van Stilte
Votum en Groet
Opwekking 623 Laat het huis gevuld zijn…
Schuldbelijdenis
Opwekking 811 Witter dan sneeuw
Genadeverkondiging
Gebed voor opening van Gods Woord
Inleiding op de Bijbellezing​​
Opwekking 462 Aan uw voeten Heer…
Aansteken lantaarn
Schriftlezing 1: Matteus 11: 25-30
Schriftlezing 2: Lucas 10: 38-42
Preek​​​​​
Luisterlied: You Say – Lauren Daigle​​
Aankondiging Alphacursus (Lineke, Eva en Coen)
Voorbedegebed
Collecte (The Mall Delft YfC)
De wet als wegzending
Slotlied: Opwekking 167 Samen in de naam van Jezus
Zegen"
2023-01-29,,,"Opening van de dienst
Openingslied: Maak muziek voor God de Vader (GKB 2016 231:1,2)
Geloofsbelijdenis
Kyrie en Gloria: U, Vader U aanbidden wij (NLB 302:2,3,4)
Kinderen gaan naar de chrisclub
Gebed voor de opening van het Woord
Bijbellezing: Matteüs 12,1-21
Preek
Psalm 72:1,2,7 (De Nieuwe Psalmberijming)
Voorbeden en collecten
Viering Heilig Avondmaal
Voorbereidingslied: Alles in allen zult Gij voor ons zijn (GKB 2016 182 in wisselzang) 
Dankzegging
Slotlied: GKB 2016 231:3,4
Zegen"
2023-02-05,,,"Opening van de dienst
Lied: 
U bent heilig (Opw. 609)
Geloofsbelijdenis zingend: 
Jezus alleen, in Christ alone
Kindermoment: 'Wie weet, wie jij echt bent?'
(kinder)Lied: 
Vader God, ik vraag me af (Opw 399)
Gebed voor de opening van het Woord
Bijbellezing: Matteüs 4,1-11
Preek: '
Geloof je, wie jij echt bent?
'
Lied: 
In U weet ik wie ik ben (Hillsong)
Mededelingen & voorbeden
Collecte: 
Witter dan Sneeuw (Psalm project 51)
Slotlied: The Blessing 
(Ellevation)
Zegen "
2023-02-12,,,"Opening van de dienst
Lied: Met open armen (Schrijvers voor Gerechtigheid)
Leefregel
Lied: Heer u bent mijn leven (geloofsbelijdenis)
Kinderen gaan naar de chrisclub
Gebed voor de opening van het Woord
Bijbellezing: Matteüs 12,22-32 en 43-50
Preek
Lied: Bouw uw Koninkrijk (Opwekking 769)
Voorbeden en lied: 'Heer, wees nabij, de aarde heeft gebeefd.' (wijze: 'Abide with me')
Collecten 
Slotlied: 'Laat ons samen een zijn' (Sela)
Zegen"
2023-02-19,,,"Opening van de dienst
Lied: 'Samen in de naam van Jezus'
Leefregel
Lied: 'Create in me a clean heart'
Kinderen gaan naar de chrisclub
Gebed voor de opening van het Woord
Bijbellezing: Matteüs 16,13-28
Preek
Lied: 'Aan uw voeten Heer' (Opw. 462)
Voorbeden 
Collecte
Slotlied: 'Ga met god en Hij zal met je zijn'
Zegen"
2023-02-26,,,"Welkom en opening van de dienst 
Psalm 91: 3,4 (DNP)
Geloofsbelijdenis: NLB 342
Gebed voor de opening van het Woord
Bijbellezingen:
Genesis 2,15-17 en 3,1-4
Romeinen 5,12-17
Zingen psalm 32:2 (DNP)
Matteüs 3,1-6; 13-17 en 4,1-11
Preek
NLB 536 (‘alles wat over ons geschreven is’)
Voorbeden
Collecte
Viering Heilig Avondmaal (tijdens viering, NLB 333 en NLB 833)
Dankzegging: Romeinen 5
Slotlied: ‘wij kiezen voor de vrijheid’
Zegen, gevolgd door gezongen ‘amen’"
2023-03-05,,,"Verander je mee? …. Waar ga jij van stralen?
Opening van de dienst
Lied: opwekking 334 Heer uw licht en uw liefde schijnen
Leefregel
Lied: Psalm 25: 2 en 3 (DNP)
Kinderen gaan naar de Chrisclub
Gebed
Schriftlezing: Marcus 9:2-10
Lied: Opwekking 689 Spreek o Heer 
Preek
Lied: meer en meer (Marcel en Lydia)
Voorbede
Collecte (collectelied: I speak Jesus )
Slotlied: Opwekking 354 Glorie aan God
Zegen"
2023-03-08,,,"Welkom en opening van de dienst
Psalm 141:1-2 (de nieuwe psalmberijming)
Gebed voor de opening van het Woord: NLB 314
Bijbellezing (1): Filippenzen 1,3-11
Gezang 38 (GK oud): Zoek eerst het koninkrijk van God
Bijbellezing (2): Matteüs 25,14-30
Overdenking 
NLB 864 (coupletten)
Gebeden (afgewisseld met NLB 367e: ‘Heer, onze God, wij bidden U, verhoor ons’)
Collecten
Psalm 36:2 (de nieuwe psalmberijming)
Zegen, gevolgd door gezongen amen.
Dit is mijn v"
2023-03-12,,,"Welkom en opening van de dienst
Psalm 121 (opw. 640)
Geloofsbelijdenis
Opw. 194 – U maakt ons één
Gebed voor de opening van het Woord
Bijbellezing: Joh. 4,1-42
Opw. 399 – Vader God ik vaag me af
Preek
Opw. 797 – Breng ons samen
Voorbeden en collecte
Slotlied: opw. 430 – Heer ik prijs uw grote naam
Zegen"
2023-03-19,,,"Welkom en opening van de dienst
Psalm 84 (opw. 715)
Leefregel
Psalm project 136
Gebed voor de opening van het Woord
Bijbellezing: Joh. 9: 1-41
Open the eyes of my heart Lord
Preek
Opw. 785 – Fundament
Voorbeden en collecte
Kindermoment bij het kruis
 Slotlied: 40dagen themalied
Zegen"
2023-03-26,,,"Votum en groet
Psalm 16:1-3 nieuwe psalmberijming
Gebed
Psalm 130 :1-2 nieuwe psalmberijming
Johannes 11 : 28-44
Gezang 161
Lazarus van Betanië
Johannes 11 : 33-38        
 Jezus’ botsende emoties aan het graf
Gezang 244 
Alle mensen moeten sterven
Gebed 
I Know that my Redeemer liveth
Collecte
Weg van nieuwe leven (Ef 5 : 10-17)
NLB 804 
De Heer heeft naar mij omgezien
Zegen
Als amen: Gezang 157 : 3 
Eens zal er vrede zijn"
2023-04-02,,,"Welkom, votum en groet
Lied: Hosanna (opw. 685) 
Leefregel: Matt. 19,16-21
Lied: Fundament (opw. 785)
Kinderen gaan naar de chrisclub
Gebed voor de opening van het Woord
Bijbellezing: Matteüs 21,1-17
Lied: Heer u bent welkom (opw. 573)
Preek: waar hoop jij op?
Lied: Een toekomst vol van hoop
Aankondigingen en voorbeden
Collecten (Sons of Korah, Psalm 24)
Kinderen komen terug van de chrisclub en laten hun PalmPaastakken zien. 
Lied: ‘Meer en meer’ (opw. 181)
Slotlied: Juich, want Jezus is Heer!
Zegen"
2023-04-07,,,"Welkom en openingsgebed (zoals in de vespers: gesproken met woord en antwoord, teksten via de beamerscherm). 
Lied: NLB 556 (‘Alles wat over ons geschreven staat’)
Psalm en lezingen:
(orgelspel)
Matteüs 26: 1-5
 DNP Psalm 22: 1
Matteüs 26: 6-16
 GK Psalm 22: 2
Matteüs 26: 17-25
 GK Psalm 22: 3
Matteüs 26: 26-30
 GK Psalm 22: 12
Matteüs 26: 31-46
 GK Psalm 22: 4, 5
Matteüs 26: 47-56
 DNP Psalm22:2
Matteüs 26: 57- 75
 GK Psalm 22: 9
Matteüs 27: 1-26
 DNP Psalm 22: 3
Matteüs 27: 27-44
 GK Psalm 22: 8
Matteüs 27: 45-61
 DNP Psalm 22: 7
(Stilte)
Gebeden
Lied: NLB 835 (‘Jezus ga ons voor’)
Zegenbede (zoals bij de vespers, woord en antwoord, tekst via beamerscherm). 
We verlaten vervolgens in stilte de kerk. "
2023-04-09,,,"Terwijl het Paaslicht wordt binnengebracht en de nieuwe Paaskaars wordt ontstoken, zingen we: 'Morning has broken' en 'Licht van de wereld.'
Welkom, belijdenis van afhankelijkheid en Paasgroet.
Lied: 'Daar juicht een toon.'
Lied: 'Juicht want Jezus is Heer.'
Kindermoment en kinderlied: 'Meer en meer.'
Gebed voor de opening van het Woord.
Bijbellezingen: Johannes 20,1-18 en Kolossenzen 3,1-11.
Lied: 'Omdat Hij leeft.'
Preek.
Lied: 'Christus onze Heer verrees.'
Aankondigingen, gebeden en collecte.
Viering van de Maaltijd. Tijdens de viering de volgende liederen: Psalm 118:5,6 (DNP); 'De kerk van alle tijden' en 'For ever' (Kari Jobe). Na de viering (dankzegging): Psalm 118:7 (DNP).
Afsluiting en zegen, gevolgd door:
Lied: 'U zij de glorie'."
2023-04-16,,,"Stil gebed
 Votum en groet
 We zingen: Psalm 30: 1, 2 (allen), 3 (mannen), 4 (vrouwen/kinderen), 5 (allen)
 Leefregel: Filippenzen 4:4-9
 We zingen: Psalm 32
 Gebed
 Kindermoment
 Schriftlezing: Johannes 20:19-31
 Preek
 We zingen: Lied 885: Groot is uw trouw o Heer
 Gebeden
 Inzameling van de liefdegaven
 We zingen: Opwekking 58: Vrede zij u
 Zegen"
2023-04-23,,,"Opening van de dienst: welkom, votum en groet
 Openingslied: 
10.000 redenen
 Geloofsbelijdenis (Nicea)
 Lied: 
Jezus alleen
 Kindermoment en gebed
 Bijbellezing: Johannes 20,19-31
 Preek
 Lied: psalm 68 (Gereformeerd Kerkboek), vers 2,3 en 8
 Voorbeden
 Collecten (met lied: 
Agnus Dei
)
 Slotlied: 
Zegekroon
 Zegen"
2023-04-30,,,"Openingslied:
 Ik heb mijn ogen (opw. 640)
 Welkom, votum en groet
Lied: 
Vul dit huis met Uw Glorie (opw. 815)
Leefregel: Romeinen 12:1-2
Lied: 
Machtige Heer (Opw. 598)
Kindermoment
Gebed voor de opening van het Woord
Bijbellezing: Jeremia 1 & Lukas 14: 15-24
Lied: 
Als een hert (Opw. 281)
Preek: 
‘Je bent geroepen/uitgenodigd!’
Lied: 
Reckless love
Aankondigingen en voorbeden
Collecten 
(Sons of Korah, Psalm 1)
collecte doel: Delft Impact project DSF
Slotlied: 
Laat het feest zijn in de huizen (Opw. 553)
Zegen
 De kerkdienst wordt gehouden in de Immanuelkerk en wordt ook uitgezonden via Youtube
Klik 
hier
 om de dienst van deze week te bekijken"
2023-05-07,,,"Opening van de dienst
NLB 632: ‘Dit is de dag die de Heer heeft gemaakt en gegeven.’
Geloofsbelijdenis 
Psalm 133 (DNP)
Kindermoment
Gebed (verootmoediging)
GK 168: ‘Vader vol van vrees en schaamte’
Bijbellezing: Johannes 21,1-14
Preek
Lied: ’Thy hand o Good has guided’
Aankondigingen, voorbeden en collecten
Inleiding op de viering van de Maaltijd
Lied: ’Samen in de naam van Jezus’
Viering van de Maaltijd
Dankzegging
Lied: ’Toekomst vol van hoop’ (Sela)
Zegen"
2023-05-14,,,"Opening van de dienst
Lied: Psalm 136 (the Psalm Project)
Voorlezing van de 10 geboden
Lied: Kom tot de Vader (Opw. 599)
Inleiding op de Heilige Doop, gevolgd door:
Lied: ‘Doop’ (Sela)
Bediening van de H. Doop, gevolgd door:
Lied: Heer u bent altijd bij mij (Opw. 518)
Kinderen gaan naar de chrisclub
Gebed voor de opening van het Woord
Bijbellezing: Johannes 21,15-25
Preek
Antwoordlied: Psalm 32 (Psalm Project)
Voorbeden
Collecte
Slotlied: Toekomst vol van Hoop (Sela) 
Zegen"
2023-05-18,,,"Welkom en opening van de dienst
Lied: Heer we kijken omhoog (Sela)
Leefregel / bemoediging: Kol. 3,1-17
Lied: Abba, Vader (Opw. 136)
Intro op de bijbellezing: waar is de hemel?
Lied: wees stil voor het aangezicht van God
Bijbellezing: Handelingen 1,1-14
Preek
Lied: Psalm 68: 8, 13 (Gereformeerd Kerkboek)
Voorbeden en collecte (collectelied: licht van de wereld)
Lied: Heer uw licht en uw liefde 
Zegen"
2023-05-21,,,"votum
groet
zingen: LB 217:1-5
gebed
kindermoment
Lezen   Handelingen 1:12-22
zingen: Ps 109:1, 2, 8 (DNP)
Tekst  Handelingen 1:23-26
verkondiging
Het twaalftal van Jezus' apostelen wordt weer compleet.
    1. Hoezo ?
    2. Waarom ?
    3. Hoe ?
zingen: GK 226:1, 2, 4
zingen: GK 175a
mededelingen
gebed
collecte
zingen: LB 412:2, Ps 89:5 (DNP)
zegen"
2023-05-28,,,"Welkom en opening van de dienst
Eerste lied: ‘breng ons samen’ (Sela)
Leefregel: Galaten 5,22-6,10
Lied: 'Open the eyes of my heart Lord' (EN + NL) 'Schijn met Uw licht in mijn hart'
Gebed om vervulling met de Heilige Geest
Bijbellezing: Handelingen 2,14-42
Antwoordlied: 'Adonai' (Opw. 669) 
Preek: Haak aan, doe mee! - de Pinksterpreek van Petrus.
Kinderlied: ‘Laat zo je licht maar schijnen’
Voorbeden en collecte
Voorbereiding Heilig Avondmaal
Lied: Psalm 42 (Opw. 281) - Als een hert
Viering van het Heilig Avondmaal 
'Toon mijn liefde’ (op 705)
Kom o Heilige Geest - Sela
Wees mijn verlangen (o Heer van mijn hart, Opw. 520)
Dankzegging
Slotlied: Laat heel de wereld het zien (Opw. 276)
Zegen"
2023-06-04,,,"Welkom
Lied Openingslied: opw 785 Fundament 
stil gebed
Votum en zegengroet
Belijden Efeziërs 1:3-14
Antwoordlied Pvn 16 - ik val niet uit zijn hand
Gebed voor de opening van het Woord
Bijbellezing Openbaring 18:1-3, 9-24
Lied Babylon (Matthijn Buwalda)
Preek
Antwoordlied Maak ons hart onrustig - schrijvers voor gerechtigheid
afkondigingen & aansluitend het voorbede gebed
oproep tot geven van gaven
collecte ondersteund met muziek: Hoe lang nog heer - schrijvers voor gerechtigheid
Slotlied Zegekroon
zegen"
2023-06-11,,," Openingslied: 
Ik wil juichen voor U mijn Heer. (opw. 589)
 Welkom, Votum en Groet
 + uitleg van de dienst
 Kinderlied: 
Hij is de Zoon van God (opw. 141)
 Gebed en kinderen naar de CC.
Leefregel: 
Psalm 19:8-15
 Preek 1: 
Spelregels van God
 Antwoordlied: 
in de Hemel is de Heer
 Lezing: 
1 Korinthe 12: 4-27
 Preek 2: 
Team Jezus
 Preek 3: 
Clubman/vrouw of abonnement gelovige? 
 Antwoordlied: 
Samen in de naam van Jezus (opw. 167)
 Korte gespreksopdracht met mensen om je heen. Kies een van de vragen:
Herken jij jezelf in een echte clubman/vrouw of meer in de abonnement gelovige?
Welke plek hebben de spelregels van God in jouw leven?
Welke positie zou je willen spelen in het team van Jezus?
Mededelingen + Gebed
 Collectelied:
 I speak Jesus
Slotlied: 
Over al wat leeft (opw. 569)
Zegen
 Aansluitend aan de dienst is er de gemeentemiddag. Ruimte voor ontmoeting in de grote zaal en buiten zal er gesport worden in de voetbalkooi aan de overkant van de weg en kan je aansluiten bij een groep die de buurt om de kerk opruimt. "
2023-06-18,,,"Welkom, opening van de dienst
 Lied 971 (NLB)
 Geloofsbelijdenis
 Lied: ‘Heer ik kom tot U, hoor naar mijn gebed’
 De kinderen gaan naar de chrisclub
 Gebed voor de opening van het Woord
 Bijbellezing: Handelingen 8,26-40
 Psalm 87 (DNP)
 Preek
 Lied: ‘Samen in de naam van Jezus’
 Aankondigingen en voorbeden
 Collecten
 Lied: ‘Wij kiezen voor de vrijheid’
 Zegen"
2023-06-25,,," Opening van de dienst
 Lied: 'Ik hef mijn ogen' (Psalm 121/Opw. 640)
 Leefregel uit Leviticus 19
 Lied: 'Create in me a clean heart'
 Kinderen gaan naar de chrisblub
 Gebed voor de opening van het Woord
 Bijbellezing: Handelingen 4,32-37
 Lied: 'Adem om van u te zingen' (Psalm 145/PvN)
 Preek
 Lied: 'Neem mijn leven, laat het Heer'
 Voorbeden en collecten
 Slotlied: 'Vrede van God' (Opw. 602)
 Zegen"
2023-07-02,,,"Opening van de dienst
 Lied: Onze schuilplaats is God - Mozaiek Worship
 Geloofsbelijdenis
 Lied: Aan uw voeten Heer - Opw 462
 {kinderen gaan naar de chrisclub}
 Bijbellezing: Johannes 8,31-36
 Preek: God wil kinderen, geen slaven
 Lied: God maakt vrij - Opw 720
 Voorbeden & collecte (lied tijdens collecte: Als een hert dat verlangt naar water - Opw 281)
 Bediening van de Heilige Doop aan Louis en Astrid
 Lied: Lopen op het water - Opw 789
 Openbare geloofsbelijdenis van: Sanne, Sander, Rik en Philip
 Viering Heilig Avondmaal
 Dankzegging: Loof de Heer - Psalm Project 136
 Sotied: Mijn verlosser leeft - Opw 554
 Zegen"
2023-07-09,,,"Welkom
 Zingen: Nieuw Liedboek 314: 1, 2 en 3 (
Here Jezus om uw woord
)
 Stil gebed
 Votum en vredegroet
 Leefregel uit Efeziers 5
   Let goed op welke weg u bewandelt en gedraag u niet als dwazen
    maar als verstandige mensen. Gebruik uw dagen goed want we leven in een slechte tijd.
    Wees niet onverstandig maar probeer te begrijpen wat de Heer wil.
 Zingen: Opwekking 194 (
U maakt ons één
)
 Kindermoment
 Gebed voor de opening van het woord
 Lezen: 1 Tessalonicenzen 2:1-13
 Zingen: Psalm 133 : 1, 2 (Nieuwe Psalmberijming)
 Preek over 1 Tessalonicenzen 2:8
 Zingen: Opwekking 378 : 1, 2, 3, 4 en 5 (
Ik wil jou van harte dienen
)
 Mededelingen en Gebed
 Zingen: Nieuw Liedboek 834 : 1, 2 en 3 (
Vernieuw Gij mij, o eeuwig Licht
)
 Collecte: Financiële ondersteuning in de gemeente
 Zingen: Nieuw Liedboek 425 (
Vervuld van uw zegen
)
 Zegen"
2023-07-16,,,"Opening van de dienst
 Lied: Dank u voor deze nieuwe morgen
 Leefregel
 Lied: Wij zijn als adem, U was er altijd - opw 558
 Gebed voor de opening van het Woord
 Bijbellezing (1): Lucas 18,18-30
 Lied: Licht Aan (Deze dingen wil God graag) - Schrijvers voor gerechtigheid
 Bijbellezing (2): Lucas 19,1-10
 Preek
 Lied: Mijn Jezus, mijn redder (Juich voor de Heer) - opw 461
 Voorbeden
 Collecte
 Slotwoord uit Psalm 103
 Slotlied: The Blessing - Cody Carnes, Kari Jobe
 Zegen"
2023-07-16,,,"Opening van de dienst
 Lied: Dank u voor deze nieuwe morgen
 Leefregel
 Lied: Wij zijn als adem, U was er altijd - opw 558
 Gebed voor de opening van het Woord
 Bijbellezing (1): Lucas 18,18-30
 Lied: Licht Aan (Deze dingen wil God graag) - Schrijvers voor gerechtigheid
 Bijbellezing (2): Lucas 19,1-10
 Preek
 Lied: Mijn Jezus, mijn redder (Juich voor de Heer) - opw 461
 Voorbeden
 Collecte
 Slotwoord uit Psalm 103
 Slotlied: The Blessing - Cody Carnes, Kari Jobe
 Zegen"
2023-07-23,,,"De kerkdienst wordt gehouden in de Immanuelkerk en wordt ook uitgezonden via Youtube
Klik 
hier
 om de dienst van deze week te bekijken
Thema: “Bomen kiezen een koning”
Welkom
 Votum en Zegengroet
 Lied: Dit is de dag
 Lied: Psalm 33: 1,2 en 3
 Gods leefregels: Deut. 5: 6-21; 6: 4-9 en 17: 18-20
 Lied: Psalm 146: 1,3 en 4
 Gebed
 Bijbellezing Rechters 8: 22-35
 Lied: Ps. 146: 2,5
 Bijbellezing Rechters 9: 1-21
 Preek
 Lied: Psalm 2: 1 en 2
 Afkondigingen
 Gebed
 Collecte
 Lied: Psalm 33: 4,5 en 6
 Zegen"
2023-07-30,,,"Votum en groet – Sela
 Welkom
 Belijdenis
 Lied Pvn 16 (Ik val niet uit zijn hand)
 Kort intro
 Gebed
 Lied Pvn 130 (Uit de diepten)
 Bijbellezing Gen. 37 : 2b – 11
 Lied OPW 733 (Tienduizend redenen)
 Preek
 Lied OPW 599 (Kom tot de Vader)
 Mededelingen / collecte
 Voorbede
 Lied OPW 595 (Licht van de wereld)
 Zegen"
2023-08-06,,,"Votum en groet
 Psalm 93,1-3 (Nieuwe Psalmberijming)
 Lezen wet Exodus 20
 Lied 7: 1 en 4 (Liedboek voor de kerken)
 Gebed
 Lezen: Ezechiël 1:1 en 1:26-3:3
 Psalm 40,4 (Nieuwe Psalmberijming)
 Tekst: Openbaringen 10
 Psalm 2,1-2 (Nieuwe Psalmberijming)
 Preek (ds. R. Heij, serie over Openbaringen)
 Gezang 139: 3 en 5 (Gereformeerd Kerkboek)
 Mededelingen
 Gebed
 Collecte
 Psalm 36,2 (Nieuwe Psalmberijming)
 Zegen"
2023-08-13,,,"Votum en groet
 Lied: ‘God, ik adem om van U te zingen’ (Psalmen voor Nu 145)
 Wet, schuldbelijdenis en genadeverkondiging
 Lied: 'Uit de diepte' (Psalmen voor Nu 130)
 Genadeverkondiging
 Lied: 'loof de Heer mijn ziel' (Psalm 103, psalm project)
 Gebed voor de opening van het Woord
 Bijbel lezen:
  Lezen: Deuteronomium 4:1-10
  Tekst: Openbaring 22:18-19
 Preek
 Lied: Door de wereld gaat een woord (LvK 802: 1, 2, 4)
 Mededelingen, voorbedegebed
 Collecte: Financiële ondersteuning
 Lied: God van Licht (Opw. 807)
 Zegen"
2023-08-20,,,"We pakken na de zomer de draad van het verhaal van Jozef weer op. Vandaag deel VI: de weg van verzoening (Genesis 42)
De kerkdienst wordt gehouden in de Immanuelkerk en wordt ook uitgezonden via Youtube.
Klik 
hier
 om de dienst van deze week te bekijken.
De lilturgie van deze dienst:
Welkom en opening van de dienst
 Opw. 638: Prijs Adonai
 Geloofsbelijdenis, gevolgd door:
 Opw. 263: Er is een verlosser
 Kindermoment
 Lied: U bent mijn schuilplaats Heer
 Gebed en bijbellezing: Genesis 42,1-28
 Preek 
 Psalm 32 (DNP), gevolgd door Opw. 767 (Familie)
 Voorbeden
 Collecte
 Slotlied: Wij blijven geloven
 Zegen"
2023-08-27,,,"Opening van de dienst
 LIed: Mijn hulp is van u heer (Opw. 640)
 Leefregel, gevolgd door:
 Lied: 'Heer ik kom tot u, hoor naar mijn gebed.'
 (Kinderen gaan naar de chrisclub)
 Gebed voor de opening van het Woord
 Bijbellezing: Genesis 43,1 - 44,3
 Preek
 Lied: Mijn Jezus, mijn redder (juich voor de Heer - Opw 461)
 Voorbede en collecte (lied tijdens collecte: Chris Tomlin: Holy Forever)
Viering van het Heilig Avondmaal. Tijdens de viering zingen we: 'Familie'; 'Er is een verlosser' en 'U bent mijn schuiplaats Heer'). Dankzegging na de viering: Psalm 103 vers 1 en 3 (GK). 
 Slotlied: Houd vol (Opw. 798)
 Zegen"
2023-09-03,KB,Juliëtte+ Jonathan jr,"Openingslied: 
met open armen
 Votum en groet
 Welkom,
Belijdenis(lied): 
Ik geloof in God de Vader
 Kinderlied: 
Liefde, blijdschap, vrede
 Gebed 
(Kinderen naar de CC)
Lied ter voorbereiding op de lezing: 
wees stil voor het aangezicht van God
 Bijbellezing: Galaten 5: 13-26
 Preek 
(focus verzen Galaten 5: 13&14)
 Antwoordlied: 
Mijn verlosser leeft
 Voorbede en collecte 
(lied tijdens collecte: Licht van de wereld)
 Slotlied: 
Juicht, want Jezus is Heer
 Zegen"
2023-09-10,Band,Abba,"Welkom en opening van de dienst
 Psalm 121 (Opw. 640)
 Leefregel
 Lied: laat ons samen één zijn (Sela)
 Bediening van de Heilige Doop aan Florian van Tatenhove
 Na de doop: Zegekroon (Opw. 764)
 Gebed en bijbellezing: Genesis 44,32 - 45,15
 Antwoordlied: Breng ons samen (Opw. 797)
 Voorbeden en collecte (tijdens collecte: Heer vergeef ons - SvG)
 Slotlied: Toekomst vol van hoop
 Zegen"
2023-09-17,Orgel,Mattijs,"Welkom
 Stil gebed, votum en groet
 Lied: Psalm 27 : 1 2 (DNP)
 Gods wil voor ons leven
 Lied: Liedboek 38 : 1 4
Gebed
 Kindermoment, chrisclub
 Lezing: Job 1:1-5 en 2:1-13
 Lied: Psalm 102 : 1 4 (DNP)
 Verkondiging over: Niet ‘voor’ maar ‘bij’
 Lied: Opwekking 378
Mededelingen
 Gebeden
 Inzameling van gaven: Noodhulp voor Marokko
 Lied: Gezang 864 : 1 2
 Zegen
 Amenlied: Liedboek 864 : 5"
2023-09-24,KB,Luuk,"Welkom en opening van de dienst
 Openingslied: ‘Groot is uw trouw o Heer’
 Leefregel: Romeinen 12
 Lied: ‘Heer U bent mijn leven de grond waarop ik sta'
 Kinderen gaan naar de Chrisclub (lied: 'Laat de kinderen tot mij komen')
 Gebed voor de opening van het Woord
 Bijbellezing: Genesis 48,8-20
 Preek
 Psalm 84
 Voorbeden en collecten
 Viering van het Heilig Avondmaal
 Dankzegging: Psalm 136 (the Psalm Project) 
 Zegen"
2023-10-01,Band,A Cappella,"Votum en groet
 Opw 815: 
Vul dit huis met uw glorie
 Geloofsbelijdenis
 Opw 174: 
Juicht want Jezus is Heer
 Gebed
 Lezen: Openbaringen 11
 Opw 638: 
Prijs Adonai
 Preek 
(Ds. R. Heij)
 Lied 
“In de hemel is de Heer”
 Mededelingen
 Gebed
 Collecte 
Financiële ondersteuning
 Opw 585: 
Er is een dag
 Zegen"
2023-10-08,Orgel,Arjan," Welkom en opening van de dienst
 Lied: dank u voor deze nieuwe morgen (NLB 218)
 Leefregel: 1 Tess. 5,12-24
 Lied: Psalm 150 (NLB 150a: ‘Geprezen zij God’)
 Kindermoment: waarom sorry zeggen vaak best moeilijk is
 Kinderlied: '7 maal 70 maal' (Elly & Rikkert)
 Bijbellezing: Genesis 50,15-21
 Lied: Psalm 95:1,2 (
denieuwepsalmberijming.nl
)
 Preek
 Lied: 'Genade zo oneindig groot' (NL vertaling van ‘Amazing Grace’)
 Aankondigingen en mededelingen
 Voorbeden
 Collecten
 Slotlied: 'Ga nu heen in vrede' (uit de bundel van Joh. de Heer, op de wijs van ‘Land of Hope and glory’)
 Zegen"
2023-10-15,Band,VGSD,"Start: we oefenen het lied ‘dan bent u met ons’ (Schrijvers voor Gerechtigheid)
 Opening van de dienst, votum en begroeting
 Lied: 'Heer uw licht en uw liefde schijnen' (Opw. 334)
 Geloofsbelijdenis (Nicea)
 Lied: ‘Heer onze God, hoe heerlijk is uw naam’ (Opw. 70)
 Verootmoediging en schuldbelijdenis
 Lied: 'Dan bent u met ons'
 Bijbellezing (I): Genesis 1,20 - 2,3
 Lied: 'zie de zon, zie de maan'
 Bijbellezing (II): Psalm 8
 Preek
 Psalm 24:1-3 (DNP)
 Voorbeden
 Aankondigingen en mededelingen
 Collecte (tijdens collecte: 'Glorie heeft een naam')
 Slotlied: 'Wij blijven geloven'
 Zegen"
2023-10-22,Orgel,Jan,"Opening van de dienst
 Lied: 'Zomaar een dak' (NLB 276)
 Leefregel: Matteus 5,38-48
 Lied: 'Geef vrede Heer, geef vrede' (NLB 1010)
 Kinderen gaan naar de chrisclub
 Gebed voor de opening van het Woord
 Bijbellezing: Lucas 12,22-34
 Lied: ‘Zoek eerst het koninkrijk van God’ (canon)
 Preek
 Psalm 138 (DNP)
 Voorbeden en collecten
 Inleiding op de viering van het Heilig Avondmaal, gevolgd door:
 Lied: 'Genadig Heer' (NLB 381,1-5)
 Viering Heilig Avondmaal
 Dankzegging (en slotlied): Psalm 103 (NLB 103c in wisselzang) 
 Zegen en gezongen amen"
2023-10-29,KB,Marloes,"Welkom
 Stil gebed
 Zingen votum en groet (Sela)
 Gebed van verootmoediging en om de opening van het Woord
 Zingen : Psalmen van nu 130: 
Uit de diepte roep ik U
 Kindermoment
 Bijbellezing: Genesis 9: 1-17
 Verkondiging: 
God geeft een nieuw begin
 Luisterlied: 
Nog altijd wie U was
 Zingen: Opwekking 407: 
Hoe groot zijt Gij
 Mededelingen en voorbeden
 Collecte
 Zingen: Opwekking 770: 
Ik zal er zijn 
(Sela)
 Geloofsbelijdenis
 Zingen: Gezang 416: 
Ga met God en Hij zal met je zijn
 Zegen"
2023-11-05,Band,Cornerstone,"Welkom en opening van de dienst
 Lied: 10.000 redenen
 Leefregel: de tien geboden 
 Lied: 'Dankt dankt nu allen God'
 Kindermoment
 Lied: 'Dank U voor deze nieuwe morgen'
 Gebed voor de opening van het Woord
 Bijbellezingen: Micha 6,1-8 en 1 Tim. 4,1-5
 Preek
 Antwoordlied: Psalm 67 (DNP)
 Dankgebeden (met refrein uit Ps. 67) 
 Mededelingen en collecte
 Slotlied: 'Toekomst vol van Hoop'
 Zegen"
2023-11-12,KB,Marnix,"(Bij mededeling van het overlijden van broeder Bert Mostert: ‘Dankt, dankt nu allen God’)
 Opening van de dienst
 Lied: 'Onze schuilplaats'
 Geloofsbelijdenis 
 Gebed om vergeving
 Lied: 'Hier is mijn hart, Heer'
 Kinderen gaan naar de chrisclubs
 Bijbellezen: Jesaja 32,15-20 en Jakobus 2,14-17; 3,7-18
 Preek
 Lied: 'Licht aan'
 Aankondigingen en mededelingen
 Inzameling van de gaven
 (verzamelen gebedspunten en) voorbeden. Inleiding op het gebed: 'Beauty for brokeness'
 Slotlied: Psalm 98 (PvN)
 Zegen"
2023-11-14,,,"Dankdienst voor het leven van br. Bert Mostert (29 januari 1942 - 8 november 2023). De samenkomst wordt gehouden in de Immanuelkerk en wordt ook uitgezonden via Youtube
Klik 
hier
 om de samenkomst te bekijken
Locatie
Immanuelkerk"
2023-11-19,Orgel,Mattijs," Welkom
 Stiltemoment
 Psalm 121 vers 1 als votum
 Christelijke groet
 Psalm 146 vers 1 t/m 3
 Lied 1005 Zoekend naar licht, couplet 1 t/m 5 
 Gebed voor opening van Gods Woord en de Chrisclub
 Bijbellezing: Nahum 1:1 – 2:3
 Zingen: Psalm 2 vers 1 en 2 
 Preek​​​​​​
 Lied: Ik geloof in God de Vader, couplet 1 t/m 3
 Collecte
 Voorbedegebed 
 De 10 woorden als wegzending
 Lied: Ik geloof in God de Vader, 4
 Zegen"
2023-11-26,Band,Abba,"Opening van de dienst
 Lied: 
Verwachten
 (Sela)
 Geloofsbelijdenis 
 Lied: 
Heer u bent mijn leven
 (vs. 1 en 4)
 Kinderlied: 
‘k stel mijn vertrouwen op de Heer mijn God
Bijbellezing: Psalm 42
 Psalm: 
Als een hert dat verlangt naar water
 Preek: lessen van de ziel uit Psalm 42
 Lied: 
Op U alleen, mijn licht, mijn kracht, stel ik mijn hoop, U zorgt voor mij
.
Collecten
 Voorbeden
Gedenken (daarbij: 
Psalm 121
, 
de mensen die we missen
 en: 
Abba Vader, U alleen
).
Slotlied: 
Toekomst vol van hoop
 Zegen"
2023-12-01,,,"Bruidspaar komt samen binnen (lied: 
Elohim
) 
 Welkom en opening van de dienst
 Lied: 
U maakt ons één
 Gebed en Bijbellezing: 1 Korintiers 13
 Overdenking
 Antwoordlied: 
Toon mijn liefde
 Onderwijs over het huwelijk
 Lied: 
Gebed om zegen
 Beloften en wisselen van de ringen
 Zegen voor het bruidspaar
 Lied: 
De zegen
 Aankondiging collecte
 Slotlied: 
Our God is an awesome God
 Zegen voor iedereen
 [Uitlooplied: 
Goodness of God]
Locatie
Immanuelkerk"
2023-12-03,Orgel,Jan,"Zingen: Psalm 96:1,2,4,5 (NPB)
 Stil gebed
 Votum en zegengroet
 Zingen: Kom tot ons Heer (Sela, themalied)
 Geloofsbelijdenis
 Zingen: Gezang 439 (NieuweLiedBoek)
 Gebed voor de opening van het Woord
 Kindermoment
 Eerste Schriftlezing: Jesaja 5:1-7
 Tweede Schriftlezing: Filippenzen 1:1-11
 Verkondiging
 Zingen: Gezang 78 (Oude Liedboek, 1973)
 Afkondigingen en voorbede gebed
 Collecte
 Zingen: Gezang 444 (NieuweLiedboek)
 Zegen"
2023-12-10,KB,Luuk,"Adventslied:
Kom tot ons, heer 
 Adventsgedicht en kaarsen aansteken 
Welkom en opening van de dienst
 Lied: Onze Schuilplaats 
 Kindermoment
Lied: Way Maker
 Gebed voor de opening van het Woord
 Bijbellezingen: Psalm 13:1-6
Preek: '
Zicht houden op God!
'
 Antwoordlied: Psalm 13  (opw 778)
Getuigenis/gesprek met thema gast
 Gebed
Mededelingen
 Slotlied: 'Our God'
Zegen
 Collecte bij de deur"
2023-12-17,Band,A Capella,"Adventstekst en aansteken adventskaars
 Welkom en opening van de dienst
 Adventslied: 
Kom tot ons Heer 
(Sela)
 Geloofsbelijdenis
 Lied: 
We are one in the Spirit 
(Opw. 8)
Kindermoment: weet jij hoe laat het is?
 Kinderen gaan naar de Chrisclubs
Bediening van de Heilige Doop
 Lied: 
Zegenwens 
(Elly & Rickert)
 Gebed voor de opening van het Woord
 Bijbellezing: Filippenzen 3,1 - 4,1
 Preek
 Antwoordlied: 
Op U alleen 
(NLB 939)
Voorbeden
 Collectie
Slotlied: 
God ik adem om van U te zingen 
(Psalmen voor Nu 145)
 Zegen"
2023-12-23,,,"Dankdienst voorafgaand aan de uitvaart van zr. A de Gelder-Klapwijk
Condoleren vanaf 10:30
De samenkomst wordt ook uitgezonden via YouTube
 Klik 
hier
 voor de link naar de uitzending."
2023-12-24,KB,Juliëtte e.a.,"Adventstekst en aansteken adventskaars
 Lied: Kom tot ons Heer (Sela)
Welkom en opening van de dienst
 Lied: 10.000 redenen (opwekking 733)
 Leefregel (Efeziërs 5)
 Lied: Loof de Heer mijn ziel (Psalm Project 103)
Kindermoment 
Gebed
 Bijbellezing: Filippenzen 4,2-9
 Preek
 Lied: Licht van de wereld (opwekking 595)
Voorbeden
 Collecte
Lied: My light house
 Zegen"
2023-12-24,Orgel,Jan,"kerstavondzangdienst met inloop voor ontmoeting vanaf 20.30u
De samenkomst is ook te volgen via de 
livestream
PROGRAMMA KERSTAVONDZANGDIENST 2023 IMMANUELKERK
Opening
 Zingen
: Once in Royal David’s city
Lezing
: Genesis 3: 8-19 (NBV'21)
Zingen
: Op aarde plant het kwaad zich voort / O kom o kom Immanuël
Lezing
: Genesis 22: 15-18 (NIV)
Zingen
: Inspired by love and anger 
Lezing
: Jesaja 9: 2, 6 en 7 (NBV’21)
Zingen:
 Als een hert dat verlangt naar water / As the dear pants fort he water
Lezing
: Jesaja 11: 1-4, 6-9 (NIV)
Zingen:
 A great and mighty wonder (Es ist ein Ros entsprungen)
Lezing
: Lucas 1: 26-35, 38 (NBV’21)
Zingen
: Mijn ziel maakt groot de Heer 
Lezing
: Lucas 2: 1, 3-7 (NIV)
Zingen:
 O kindeke Klein, o kindeke teer
Lezing
: Lucas 2: 8-16 (NBV’21)
Zingen
: Hoor, de engelen zingen de eer
Lezing
: Mattheus 2: 1-11 (NBV’21)
Zingen
: Nu zijt wellekome 
Lezing
: Johannes 1: 1-14 (NIV)
Zingen
: Komt allen tezamen / O come, all ye faithful 
Zegen
Locatie
Immanuelkerk"
2023-12-25,Band,Cornerstone,"Welkom: 'Komt allen tezamen'
 (Iedereen begroet elkaar)
 Groet namens God
 Lied: 'Joy to the world/ God maakt vrij.'
Kindermusical ‘De Kleine Klok’
Gebed en bijbellezingen: Johannes 1,14-18 en Galaten 4,4-7
 Preek / overdenking
 Lied: ‘Nu is het feest, het is zover.’
Voorbeden en collecte
Lied: ‘Vrolijk kerstfeest iedereen’ en ‘ere zij God’
 Zegen"
2023-12-31,Orgel,Christoffel,"Welkom en opening van de dienst
 Psalm 93 (DNP)
 Geloofsbelijdenis
 Lied: ‘God is getrouw zijn plannen falen niet’ (GKB 250:1,3)
Gebed en bijbellezingen: Fil. 4,10-20 en Lucas 1,68-79
 Preek
 Lied: 'Wij trekken in een lange stoet' (NLB 506)
Voorbeden en collecte
Viering Heilig Avondmaal: inleiding - lied: 'Jezus leeft in eeuwigheid' (GK 228) - gebed - opwekking en viering.
Dank- en slotlied: ‘Dank, dank nu allen God’ (NLB 704)
 Zegen"
2024-01-07,KB,Martien,"Welkom
 Lied: Onze hulp en onze verwachting (Sela)
 Groet
 Lied: Hoe groot zijt Gij (Opw 407)
 Leefregel
 Kindermoment
 Gebed
 Lezen: Numeri 6: 22-27
 Lied: Eén ding vraag ik (Psalm 27:2, de nieuwe psalmberijming)
 Preek over Numeri 6: 22-27
 Lied: op U alleen (nieuwe liedboek 939)
 Voorbedegebed
 Lied: gebed om zegen (Opwekking 710)
 Mededelingen en collecte 
 Lied: Ga met God en Hij zal met je zijn (Liedboek 416)
 Zegen"
2024-01-14,Band,VGSD,"Opening van de dienst
 Lied: 
Juicht, want Jezus is Heer!
 Leefregel: Lucas 6,36-38
 Lied: 
uw Woord is een lamp voor mijn voet
 (kinderen gaan naar de Chrisclub)
Gebed voor de opening van het Woord
 Bijbellezing (1): Jesaja 40,1-5
 Lied: 
Psalmen voor Nu 121
 Bijbellezing (2): Johannes 1,19-34
 Preek
 Lied: 
Prijs Adonai 
(Opw. 638)
Voorbeden
 Collecte (en mededelingen)
 Slotlied: 
Regeer in mij 
(Opw. 569)
 Zegen"
2024-01-21,Orgel,Arjan,"Stil gebed
 Votum en groet
 Zingen: Psalm 121:1 en 4
 Wetslezing
 Zingen: GK168: 1-4 (Vader, vol van vrees en schaamte)
 Gebed
 Lezen: Johannes 6:52-71
 Zingen: NLB 675: 1 en 2 (Geest van hierboven)
 Preek
 Zingen: GK177:1-4 (Heer u bent mijn leven)
 Gebed
 Mededelingen en Collecte
 Zingen: NLB 103c: 1, 2 en 5 (Loof de koning, heel mijn wezen)
 Zegen"
2024-01-28,Band,Abba,"Welkom en opening van de dienst
 Lied: 'In de naam van de Vader' (Opw. 720)
 Lied: 'Ik geloof in God de Vader' (Opw. 347)
Gebed voor de opening van het Woord
 Bijbellezing: Johannes 2,1-11
 Preek
 Antwoordlied: 'Op U alleen' (NLB 939)
 Luisterlied: 'Above all'
Voorbeden
 Openbare belijdens van het geloof
 Ja-woord, gevolgd door 
zegenlied
 (Opw. 710)
Viering van het Heilig Avondmaal
 Inleiding: Johannes 6,54-57
 Gebed en viering (lied: ‘Aan uw tafel’, Sela)
 Dankzegging: Psalm 136 (Psalm Project)
Slotlied: ‘er is een dag’
Zegen (collecte bij uitloop van de dienst)"
2024-02-04,KB,Marlies+ Pieter+ Bert,"Votum en groet
 Psalm 133 (Psalmen voor nu)
 Leefregels, Deuteronomium 6:4-18
Jezus vol liefde
, Gezang 233 in canon   
 Gebed
 Prediker 5:9-19
Vreugde van mijn hart
, Sela               
 1 Timotheüs 6:15-16
King of Kings
, Opwekking 137
 Prediker 5:17-19
 Preek
Komt laat ons vrolijk zingen
, Gezang 254                     
 Dankzeggen en voorbede
 Collecte
Dank, dankt nu allen God
, Nieuw liedboek 704
 Zegen
Vredevorst, uw schepping wacht
, Gezang 257:7"
2024-02-11,KB,Arend," van de kerkdienst:
Welkom! 
 Lied: 'k Stel mijn vertrouwen in de Heer mijn God (in Canon)
 Kinderen gaan naar de chrisclub
 Praatje
 Gebed
 Collecte en aankondigingen
 Slotlied: Samen in de naam van Jezus
 Zegen
{Uitloop naar bespreking in kleine groepen}"
2024-02-14,Orgel,Mattijs,"Opzet van de vesper op Aswoensdag:
 Openingswoorden (woord en antwoord) en begroeting namens God
 Psalm 130
 Gebed
 Eerste lezing: Joel 2,12-14
 Tweede lezing: 2 Korintiërs 5,19-6,2
 Psalm 103
 Evangelielezing: Matteüs 6,6-21
 Voorbereiding: de spiegel van Gods wet
 Gebeden om vergeving en ontferming
 Vrijspraak
 Zegenbede en uitloop (met de mogelijkheid om getekend te worden met het kruis van Christus)."
2024-02-18,Band,Cornerstone,"Opening van de dienst
 Lied: Kom nu is de tijd (Opw 539)
 Geloofsbelijdenis
 Lied: Heer u bent mijn leven (vers 1 en 3)
 Kinderlied: Hij is de rots!
 Bijbellezing: Matteüs 16,13-28
 Preek
 Lied: Fundament (Opw. 785)
 Bevestiging ambtsdragers
 Lied: Psalm 62:3,4 (DNB)
 Voorbeden
 Collecte
 Slotlied: Vervuld van Gods zegen (Liedboek 425)
 Zegen"
2024-02-25,KB,Koos,"Openingslied: Opw. 276 'Groot is de Heer'
 Zegengroet
 Opw. 464 'Weest stil voor het aangezicht van God, want Heilig is de Heer'
 Verootmoediging a.d.h.v. Mat 5 (bergrede)
 Lied: Opw. 840 'Heer, ik wacht op u'
 Gebed
 Lezing Johannes 13
 PvN 145 'God ik adem om van U te zingen'
 Preek over Johannes 13.12-15
 Lied: Opw 268 'Hij kwam bij ons heel gewoon'
 Gebed
 Collecte
 Lied: Opw. 807 ‘God van licht’
 Zegen"
2024-03-03,Orgel,Christoffel,"Welkom!
 Opening van de dienst
 Lied: Psalm 95:1 en 2 (DNP)
 Geloofsbelijdenis
 Lied: Psalm 95:3 (DNP)
 Kinderen gaan naar de chrisclubs 
 Gebed voor de opening van het Woord
 Bijbellezing: Matteüs 26,17-35
 Lied: Alles wat over ons geschreven staat (NLB 556)
 Preek
 Lied: Eens komt de grote zomer (NLB 747:1,2,4,7)
 Voorbeden en collecten
 Voorbereiding op de viering van het Heilig Avondmaal
 Lied: Heer wij komen vol verlangen (Gezang 360:1,2)
 Viering van het Heilig Avondmaal
 Dankzegging en slotlied: Heer onze God, geprezen zij (
NLB 870:1-3 en 6-8)
 Zegen"
2024-03-10,KB,Juliëtte,"Welkom!
 Opening van de dienst
 Lied: Zie hoe Jezus daar loopt (Opwekking 614)
 Leefregel: 1 Petrus 4,7-11
 Lied: Create in me a clean heart (naar Psalm 51 / Opwekking 389)
 Bediening van de Heilige Doop
 Antwoordlied: Ik zal er zijn (Sela)
 Bijbellezing: Marcus 14,32-42
 Preek
 Lied: Mijn hulp is van U, Heer (naar Psalm 121 / Opwekking 640)
 Mededelingen en voorbeden
 Collecte
 Slotlied: God ik adem om van u te zingen (Psalm 145 / Opwekking 734)
 Zegen"
2024-03-13,,,"Met je eigen kring aan de slag met het kringmateriaal over Bidden & Vasten.
 Eerder deelde ik kringmateriaal dat je kunt gebruiken om met je eigen kring een of meer bijeenkomsten te houden over (bidden en) vasten. Je vindt het materiaal ook in de groep 'veertig dagen tijd 2024'. "
2024-03-17,Band,VGSD,"Welkom
 Groet
 Zingen:  Opwekking 539: “Kom nu is de tijd”.
 Geloofsbelijdenis
 Kind moment (Groep 1, 2, 5 en 6)
 Zingen: Tot zeven maal zeventig maal (Elly en Rikkert)
 Gebed voor de opening van het Woord (Onze Vader)
 Lezing Exodus 32 : 7 – 14 en Mattheus 18 : 21 – 35
 Zingen: psalm 103: 1 en 3 (Nieuwe Psalmberijming)
 Preek
 Amenlied: Opwekking 629: “Als er vergeving is”.
 Collecte
 Zingen: opwekking 811: “Witter dan sneeuw”.
 Mededelingen
 Voorbedengebed
 Slotlied: Groot is uw trouw o Heer
 Zegen"
2024-03-24,Orgel,Arjan,"Opening van de dienst
 Psalm 118 (DNP): vers 5,6 en 7
 Leefregel: Matteüs 5,33-48
 Psalm 117d: 'Laudate omnes gentes!'
 (kinderen gaan naar de chrisclub)
 Bijbellezing: Marcus 14,66-72
 Lied: 'Alles wat over ons geschreven is' (NLB 556 vers 1 en 5)
 Preek
 Lied: 'Dit is een dag van zingen' (NLB 552)
 Collecte
 Voorbeden (met mogelijkheid om gebedspunten in te brengen)
 Slotlied: ‘Eens als de bazuinen klinken’
 Zegen, met als ‘amen’ NLB 415:3 (‘Amen, amen, amen! Dat wij niet beschamen …’)"
2024-03-25,,Jan,
2024-03-27,,Sander,
2024-03-29,KB,Arend,"Opening van de dienst
 Lied: Uw genade is mij genoeg (Opw. 614)
 Bijbellezing: Matteüs 27,27-50
 Luisterlied: Angnus Dei (Sela)
 Bijbellezing: Matteüs 26,47-54
 Overdenking
 Lied: Geef vrede, Heer, geef vrede
 Voorbeden
 Collecten
Slotlied: Jezus' leven van ons leven (NLB 575:1,2,6)
 Zegenbede"
2024-03-31,Band,A Capella,"Lied: Morning has broken. Tijdens het eerste lied wordt het Paaslicht binnengebracht. 
 Welkom en verdere opening van de dienst
 Lied: Juicht want Jezus is Heer/Hij is verheerlijkt
 Geloofsbelijdenis
 Antwoordlied: U bent heilig (Opw. 609 “... en ik leef alleen voor U”)
Gebed voor de opening van het Woord
 Bijbellezing: Johannes 20,1-10
 Overdenking - 
zien én geloven!?
 Antwoordlied: Mijn verlosser leeft! 
Openbare belijdenis en bediening van de Heilige Doop
 Lied na de doop: Oceans (Where Feet May Fail)
Mededelingen en voorbeden
 Collecte
Inleiding op het Heilig Avondmaal. 
 Lied: Aan Uw Tafel (Sela)
 Viering van de Maaltijd van Jezus
Dankzegging en slotlied: U zij de glorie / A toi la gloire / Thine be the glory (213) 
 Zegen"
2024-04-07,KB,Luuk,":
Welkom, Stil Gebed
 Votum en groet
 We zingen: Psalm 32 `Gelukkig wie door God is vrijgesproken’
 We luisteren naar het gebod: Romeinen 13:8-14
 We zingen: Gezang 462 `Ontwaak gij die slaapt’
 Gebed
 Gesprekje met de kinderen, vervolgens zingen we: `Weet je dat de lente komt?’ 
 Schriftlezing: Romeinen 6:1-14
 Preek: Anders leven, door Pasen
 We zingen: Opwekking 427 'Maak mij rein voor u'
 Mededelingen, inzameling van de gaven
 Gebeden
 We zingen: Opwekking 136 'Abba, Vader'
 Zegen"
2024-04-12,Orgel,Mattijs," Beste broers en zussen,
 Met grote vreugde kondigen wij, Sophie en Yordi, ons voorgenomen kerkelijk huwelijk aan. Dit zouden wij graag ook met jullie vieren. Op vrijdag 12 april willen wij ons huwelijk laten inzegenen in de Lutherse Kerk in Delft, gelegen aan Noordeinde 4. De ceremonie begint om 19:30 uur.
 Met liefde,
 Sophie en Yordi 
Locatie
Lutherse kerk
Noordeinde 4
Delft"
2024-04-14,Band,VGSD,"Welkom!
 Opening van de dienst
 Lied: Psalm 92:1,2 (DNP)
 Geloofsbelijdenis, gevolgd door:
 ‘Ontwaak gij die slaapt’ (uit het oude liedboek gezang 462, vers 1,2 en 4)
 Bediening van de Heilige Doop
 Psalm 72:7 (DNP)
Gebed voor de opening van het Woord
 Bijbellezing: Lucas 24,14-35
 Preek
 Psalm 91:1,3,4 (DNP)
Aankondigingen, collecten en voorbeden, afsluiten met:
 NLB 240 (wisselzang)
Slotlied: Christus onze Heer verrees (NLB 624)
 Zegen"
2024-04-21,KB,Lineke,"De kerkdienst wordt gehouden in de Immanuelkerk en wordt ook uitgezonden via Youtube
Klik 
hier
 om de dienst van deze week te bekijken"
2024-04-28,,,"Opening van de dienst
 Opw 349 Hij is verheerlijkt
 Geloofsbelijdenis
 Opw 575 Jezus alleen
 Kindermoment
 Kinderlied: Ik volg de Heer 
 Bijbellezing: Johannes 21,15-23
 Preek
 Psalm 23 (psalternatief) 
 Voorbeden en collecte
 Viering Heilig Avondmaal
 Dankzegging
 Slotlied: Opw 764 zegekroon
 Zegen"
2024-05-05,KB,Marnix,"Opening van de dienst
 Opw. 281/psalm 42: als een hert
 Leefregel: Lucas 4 / Galaten 5
 Psalm 1 (DNP) 
 Kindermoment
 Gebed voor de opening van het Woord
 Bijbellezing: 1 Petrus 2,1-17
 NLB 708:6 (6e couplet van het Wilhelmus)
 Preek
 Opw. 595: licht van de wereld
 Collecte en voorbeden
 Opw. 720: God maakt vrij
 Zegen"
2024-05-09,Orgel,Jan,"Opening van de dienst: welkom!
 Openingspsalm: Psalm 47 (DNP)
 Wat is Hemelvaart? Introductie op de viering van Hemelvaart
 Lied: Al heeft Hij ons verlaten (NLB 663)
Kinderkunst Kidz678
Gebed voor de opening van het Woord
 Eerste lezing: Lucas 24,36-53
 Lied: Thy hand o God has guided (vers 1)
 Tweede lezing: 1 Petrus 1,22 - 2,10
 Lied: Thy hand o God has guided (vers 3)
 Preek
 Psalm 118:1,2,6,7 (DNP) 
Collecte en voorbeden
 Slotlied: NLB 675:1
 Zegen (en gezongen amen)"
2024-05-12,Band,Cornerstone,"Stil voor God        
 Votum en Groet
 Zingen PsalmProject 27
 Leefregels
 Zingen Gezang 449 (Liedboek 1973)
 Kinderlied Vertel het aan de mensen    
 Gebed
 Schriftlezing Efeze 1:15-23
    Lucas 24:44-49 – BiGT*
 Zingen Psalm 68:6a/7b (DNP)
 Verkondiging
 Zingen Opwekking 689
 Dankgebed
 Collecte        
 Slotzang Hemelse gave(Sela)
 Zegen"
2024-05-19,Band,Abba,"Opening van de dienst: welkom!
 Lied: Hoe groot is uw trouw, o Heer (Opw. 708)
 Leefregel: Johannes 15,9-17
 Lied: Kom Heilige Geest (Sela)
 Kindermoment
 Gebed voor de opening van het Woord
 Bijbellezing: Johannes 14,15-26
 Lied: Geest van hierboven (NLB 675:1)
 Preek
 Lied: Heer u doorgrondt en kent mij (Opw. 518/Psalm 139)
 Voorbeden en collecte
 Lied: Familie (Opw. 767/Psalm 133)
 Viering Heilig Avondmaal
 Dankzegging en slotlied: Mijn Jezus, mijn redder (Opw. 461)
 Zegen"
2024-05-26,Orgel,Christoffel,"Stil gebed
 Votum en groet
 Psalm 100:1,2,3 (DNP) ‘Juich, heel de aarde, voor de HEER’
 Geloofsbelijdenis: LB 342 ‘In God de Vader op zijn troon’
 Gebed
 Moment met de kinderen
 Jesaja 42,1-13
 Psalm 146:3,4,5 (DNP) ‘Wie op Jakobus God blijft bouwen’
 Mattëus 11,25-30
 LB 936:1,2,3 ‘Luister naar de wind’
 Verkondiging over Jesaja 42,3 ‘Gods Zoon zet alles recht’
 LB 459:1,4,5,7 ‘Ik breng een rechter aan het licht’
 Dankzegging en voorbede
 Inzameling van de gaven voor African Mission
 Opwekking 805 ‘Maak ons hart onrustig, God’
 Zegen"
2024-06-02,KB,A Capella KB,"Opening van de dienst
 Psalmen voor Nu 121
 Geloofsbelijdenis
 Lied: Agnus Dei (Michael W Smith | Hallelujah - for the Lord God almighty reigns)
 Met de kinderen
 Lied voorafgaand aan de bijbellezing: Verwachten (Sela - opw. 780)
 Bijbellezing: Johannes 15,1-17
 Preek
 Lied: Opw. 427 - Maak mij rein voor U.
 Collecte 
 Voorbeden - mogelijkheid om gebedspunten in te brengen
 Slotlied: Hoor ons loflied, Heer! (Opw. 553)
 Zegen"
2024-06-07,,,"Opening vd dienst
 Lied - Met open armen (SvG)
 Gebed
 Lezen - Psalm 37: 1-6
 Lied - Wat de toekomst brengen mogen (Reisgenoten)
 Preek
 Antwoordlied - Onze Schuilplaats is God (Mozaiek Worship)
 Inleiding huwelijk
 Geloften & inzegening
 Zegenlied - The Blessing
 Collecte & uitreiken trouwbijbel
 Slotlied - Adembenemend (Opwekking)
 Zegen
 Lied - Zegenkroon (Opwekking)
Locatie
Immanuelkerk"
2024-06-09,Band,Abba,":
Welkom in de dienst
 Lied: - Kom nu is de tijd - Opwekking 539
 Votum en zegengroet
 Lied. Still my soul be still / stil mijn ziel wees stil - Opwekking 717
 Verootmoediging/leefregel
 Lied. Here's my heart Lord - Opwekking 802
 Gebed
 Lantaarn aansteken
 Lezing: Matteus 18:1-11
 Lied: Fundament - Opwekking 785
 Preek
 Lied: Heer wijs mij Uw weg - Sela / Opwekking 687
 Gebed
 Collecte + lied band: Build my life - Pat Barrett
 Lied: God van licht / My lighthouse - Opwekking 807
 Zegen"
2024-06-16,Orgel,Mattijs,"Opening van de dienst
 Openingslied: ‘Groot is uw trouw, o Heer’ (NLB 885)
 Geloofsbelijdenis
 Antwoord: ‘Father we love you’ (NLB 875)
 (met de kinderen)
 Lied: ‘Als een hert dat verlangt naar water’
 Bijbellezing: Prediker 1,1-11; 3,9-15
 Verkondiging
 Antwoord: Psalm 42:1-3 (DNP)
 Collecten en voorbeden
 Slotlied: Psalm 150 (NLB 150a)
 Zegen"
2024-06-23,KB,Juliëtte,"Votum en Groet
 Zingen: NLB 216: 1-3 (Dit is een morgen als ooit de eerste)
 Wetslezing
 Zingen: Psalmen voor Nu 16 (Ik val niet uit uw hand)
 Gebed
 Zingen: Psalm 42:1-3 (De Nieuwe Psalmberijming)
 Lezen: Romeinen 8:18-30
 Zingen: Psalm 42:4-6 (De Nieuwe Psalmberijming)
 Preek (Romeinen 8:24-26)
 Zingen: Op Toonhoogte 220 (Wij blijven geloven)
 Gebed
 Collecte
 Zingen: Opwekking 313 (Hou vol)
 Zegen"
2024-06-30,Band,Cornerstone,"Opening van de dienst
 Lied: 10.000 Reasons (Bless the Lord - Opw. 733)
 Geloofsbelijdenis
 Lied: Juicht want Jezus is Heer
 Gebed voor de opening van het Woord
 Bijbellezing: Prediker 4,17 - 5,6 en 12,9-14
 Lied: In de hemel is de Heer
 Preek
 Lied: Toon mijn liefde (Opw. 705)
 Openbare geloofsbelijdenis
 Lied: Regeer in mij
 Dank- en voorbeden
 Heilig Avondmaal
 Dankzegging en slotlied: psalm 68:8 (tekst Gereformeerd Kerkboek)
 Zegen"
2024-07-07,Orgel,Jan,"Opening van de dienst
 Psalm 100 (DNP)
 Leefregel (bergrede)
 Lied: Glorie aan God
 Met de kinderen
 Gebed voor de opening van het Woord
 Bijbellezing: Prediker 5,12-19 & 9,1-10
 Preek
 Psalm 127:1,2 (DNP)
 Bevestiging van ambtsdragers
 Psalm 134 (DNP)
 Mededelingen (bij overlijden Bram de Boer: Psalm 139:5 en 6 DNP)
 Voorbeden en collecten
 Slotlied: Psalm 150 (NLB 150a: geprezen zij God)
 Zegen"
2024-07-14,Band,A Capella,"Opening van de dienst
 Lied: 10.000 redenen
 Geloofsbelijdenis
 Lied: We are one in the Spirit
 Voor de opening van het Woord: 'Als een hert' (Psalm 42)
 Bijbellezing: Prediker 7,1-4
 Preek
 Lied: Heer U bent mijn leven
 Collecte en voorbeden
 Slotlied: Loof de Heer (want Hij is goed) Psalm Project 136
 Zegen"
2024-07-21,KB,Martien,"Opw 815 (Vul dit huis met uw glorie);
 Votum/groet;
 PvN 84 (Wat hou ik van uw huis);
 Gebed;
 PvN 16 (Ik val niet uit zijn hand);
 Lezen Ps 131 / Mc 10, 13-16 / Matt 11, 28-30;
 Preek;
 Psalm Project 27 (Wacht op de Heer);
 Voorbedegebed;
 Opw. 244 (Welzalig de man die niet wandelt);
 Collecte;
 LB 939 (Op U alleen, mijn licht, mijn kracht);
 Zegen"
2024-07-28,Orgel,Mattijs,"Welkom
 Moment van stilte
 Votum
 Zegengroet
 Zingen 1 (GKB 161:1 en 3 Heer U bent mijn leven)
 10 woorden
 Zingen 2 (GKB Psalm 51 : 1, 5)
 Gebed
 Lezen Hebreeën 11
 Zingen 3 (GKB 118 : 1 – 3 God is getrouw, zijn plannen falen niet)
 Preek
 Zingen 4 (OPW 311 k’ Heb geloofd en daarom zing ik)
 Collecte + Voorbede
 Zingen 5 (LBK 416 Ga met God en Hij zal met je zijn)
 Zegen"
2024-08-04,KB,Arend,"Votum en groet
 Lied 1: Opw 430 (Heer ik prijs uw grote naam)
 Geloofsbelijdenis
 Lied 2: Opw 462 (Aan uw voeten Heer)
 Gebed
 Lezen: Gen 3, 1-15
 Lezen: Opb 12
 Lied 3: Opw 585 (Er is een dag)
 Preek
 Lied 4: Opw 595 (Licht van de wereld)
 Mededelingen
 Gebed
 Collecte (collectelied: Dan bent u bij ons – Schrijvers voor Gerechtigheid)
 Lied 5: Opw 832 (Jezus Overwinnaar)
 Zegen "
2024-08-11,KB,Koos,"Votum en groet  (sela)
 zingen:  Dit is morgen als eens de eerste (NLB 216)
 Gebed
 Lezen: Galaten 5, 22-23; psalm 103,
 zingen: LB 103c, 1.2.3 (loof de koning heel mijn wezen)
 preek
 zingen: Laat het huis gevuld zijn (hh 232)
 leefregel
 zingen: NLB 1005 (Christus ons licht)
 gebed
 collecte
 zingen: NLB 885 (Groot is uw trouw, O Heer)
 zegen"
2024-08-18,Orgel,Arjan,"Welkom en opening van de dienst
 Psalm 84:1,2 (DNP)
 Geloofsbelijdenis
 Lied: Heer, ik kom tot U
 (met de kinderen)
 Gebed voor de opening van het Woord
 Bijbellezing: Johannes 1,14-18 en 29-39
 Lied: ‘k Stel mijn vertrouwen op de Heer mijn God (3x in canon)
 Preek
 Lied: Ik zal er zijn (Sela)
 Evt. mededelingen en voorbeden
 Collecte
 Slotlied: Heer U bent mijn leven
 Zegen (en gezongen amen)"
2024-08-25,Band,VGSD,"Opening van de dienst
 Lied: 'Met open armen'
 Leefregel
 Gebed om ontferming / lofzang: ‘Grote God wij loven U’
 Introductie op de bijbellezing
 Gebed voor de opening van het Woord: ’Spreek o Heer'
 Bijbellezing: Ruth 1,1-19
 Preek
 Antwoordlied: ‘Vader u bent goed’
 Voorbeden
 Collecte 
 Inleiding op de viering van het Avondmaal
 Voorbereidingslied: ‘Aan uw voeten Heer’
 Viering Heilig Avondmaal
 Dankzegging
 Slotlied: 'Regeer in mij!'
 Zegen"
2024-09-01,Band,Cornerstone,"Even stil worden aan het begin van de dienst: ’Stil mijn ziel, wees stil’ 
 Opening van de dienst: wellkom, votum en groet
 Lied: 'Samen in de naam van Jezus'
 Geloofsbelijdenis: 'De kerk van alle tijden'
 Inleiding op de Heilige Doop
 Luisterlied: 'boven alle onrust uit'
 Bediening van de H. Doop
 Psalm 105:5 (Gereformeerd Kerkboek)
 Gebed voor de opening van het Woord
 Bijbellezing: Ruth 1,19b-2,13
 Preek
 Bevestiging diakenen
 Lied: 'Familie'
 Voorbeden en collecte (Sela - Goed om hier te zijn)
 Slotlied: Houd vol
 Zegen"
2024-09-07,,,"De kerkdienst wordt gehouden in de Immanuelkerk en wordt ook uitgezonden via Youtube
Klik 
hier
 om de dienst van deze week te bekijken"
2024-09-08,Orgel/KB,Christoffel+ Juliette,"Opening van de dienst: welkom, votum en groet
 Lied: 'Breng ons samen' (Sela)
 Geloofsbelijdenis 
 Lied: 'Machtig God, sterke rots' (2x)
 Bevestiging van ds. Arnout Francke
 Inleiding: met de kinderen
 Bevestiging en zegen
 Na de bevestiging: psalm 134
Gebed voor de opening van het Woord
 Bijbellezing: Romeinen 5:1-11 en preek ‘
Wat is jouw houvast in het leven?’
 Na de verkondiging: ‘Thy hand o God has guided’ (3 coupletten)
Voorbeden, mededelingen en collecten
 Slotlied: Houd vol! (Opw. 798)
Zegen"
2024-09-13,,,"Locatie: Petruskerk, Woerden
Locatie
Petruskerk
Kerkplein 5
Woerden"
2024-09-15,KB,Marlies+ Pieter+ Eveline+ Loes,"Plek van stil gebed
 Votum en zegengroet
 Antwoordlied:     Opwekking 464    Wees stil voor het aangezicht van God
 Geloofsbelijdenis
 Antwoordlied:        Psalm 122 : 1.3. (DNP)
 Kindermoment
 Gebed voor de opening van het Woord
 Bijbellezing uit NVB '21:    Prediker 4 : 17 - 5 : 6
 Preek
 Thema:   Eerbied in Gods huis!
 Antwoordlied    Opwekking 623  Laat het huis
 gevuld zijn
 afkondigingen & aansluitend het voorbede gebed
 collecte met muziek:    Psalmen voor Nu 84     Wat hou ik van uw huis
 Slotlied        Alles wat adem heeft (Sela)
 Zegen  "
2024-09-22,Orgel,Jan,"Welkom!
 Stiltemoment
 Votum en Groet 
 Lied 150a 
Geprezen zij God
 Gebed om ontferming
 Lied 289 
Heer, het licht van uw liefde schittert
 Gebed voor opening van Gods Woord
 Kinderen naar Chrisclub
 Bijbellezing: Marcus 4:1-9 en 13-20
 Preek
 Opwekking 575 
Jezus alleen
 Mededelingen
 Voorbedegebed
 Collecte
 Inleiding viering avondmaal
 Lied: 
Bread of the world in mercy broken
 Viering avondmaal
 Leefregel
 Lied 978 
Aan U behoort, o Heer der Heren
 Zegen"
2024-09-29,Band,A Capella,"Votum en groet
 Opwekking 638 (Prijs Adonai)
 Geloofsbelijdenis – GKB’17 176: 1,5 (‘k geloof in God de Vader die uit niets)
 Gebed
 Lezen: Opb 13
 Psalm 2 (Wat willen alle wereldleiders toch?)
 Preek
 Opwekking 334 (Heer uw licht en uw liefde schijnen)
 Mededelingen
 Gebed
 Collecte
 Opwekking 354 (Glorie aan God)
 Zegen"
2024-10-06,KB,Arend,"Opening van de dienst
 Psalm 84 (PvN) - Wat hou ik van uw huis
 Geloofsbelijdenis
 Lied: Licht van de wereld (Opw. 595)
 Met de kinderen
 Intro op de bijbellezing en gebed
 Bijbellezing: Genesis 11,27-12,9
 Antwoordlied: Psalm 105:3 (DNP)
 Preek: op weg met Abraham, een stap in geloof
 Lied: Lopen op het water
 Collecte (en collectelied 'Hier is mijn hart, Heer' Opw. 802)
 Voorbeden
 Slotlied: Wees mijn verlangen (Opw. 520)
 Zegen"
2024-10-13,Band,Abba (Antonie),"Opening van de dienst
 Opw. 529: Kom nu is de tijd!
 Leefregel
 Opw. 569: Regeer in mij
 Met de kinderen (groep 1/2)
 Intro op de bijbellezing
 Gebed
 Bijbellezing: Genesis 12,10-20
 Preek
 Opw. 785: Fundament
 Collecte (tijdens collecte Psalm 91 - Sons of Korah)
 Voorbeden
 Slotlied: Ik wens jou (Trinity)
 Zegen"
2024-10-20,Orgel,Christoffel,"Welkom
 Stiltemoment
 Psalm 121 couplet 1 + christelijke groet
 Psalm 146 couplet 1, 3 en 4 [levensliederen]
 NLB Lied 1005 
Zoekend naar licht
, couplet 1, 2, 4 en 5
 Kindermoment, daarna kinderen naar Chrisclub
 Gebed om opening van Gods Woord
 Bijbellezing: Genesis 13: 1-18
 Preek
 Gezang 177 
Heer, U bent mijn leven
, couplet 1 t/m 4
 Mededelingen
 Collecte
 Voorbedegebed
 Slotlied: Opwekking 58 
Vrede zij U…
 Zegen (+ gesproken amen)"
2024-10-27,KB,Juliëtte,"Welkom + 
Stiltemoment
Votum en Groet (alles uitgesproken)
Lied: 
Met open armen
 (Schrijvers voor Gerechtigheid)
Leefregel
Psalm 25 vers 2 en 4
Gebed voor opening van het Woord
Inleiding op Bijbellezing
Bijbellezing: Genesis 15: 1-6 en Hebreeën: 11: 8-16
Filmpje over geloofstwijfel
Preek
Opwekking 803 
Vol Ontzag
Mededelingen en voorbeden
Collecte (tijdens collecte muziek: Huis van vrede (Sela))
Inleiding + viering avondmaal: 
Aan uw tafel
 (Sela) & 
U geeft rust
 (opwekking 855))
Slotlied: Opwekking 798 
Houd vol
Zegen"
2024-11-03,Band,VGSD (Sander),"Welkom
Stiltemoment
Votum en Groet (uitgesproken)
Opwekking 733 Tienduizend redenen…
Opwekking 510 Dit is mijn verlangen
Gebed voor opening van Gods Woord
Kindermoment + Kinderen naar Chrisclub
Bijbellezing: Psalm 104 
Opwekking 407 How great thy art
Preek
Lied: Breng ons in evenwicht – Schrijvers voor gerechtigheid
Mededelingen en Voorbedegebed
Collectelied: God van de aarde 
Slotlied: 
Laat ons samen een zijn
 - Sela 
Zegen"
2024-11-10,Orgel,Mattijs,"Welkom! 
 Moment van stilte
 Votum en begroeting
 Lied: NLB 218 - Dank U voor deze nieuwe morgen
 Belijdenis/bemoediging: Kolossenzen 1
 Themalied Groene Weken - Breng ons in evenwicht
 Inleiding op de doop
 Lied - Jezus is de goede Herder
 Bediening van de Heiige Doop
 Psalm 121 (DNP)
 Bijbellezing: Tessalinicenzen 5,14-24
 Lied - Groot is uw trouw o Heer
 Overdenking
 Lied - Jezus vol liefde (canon)
 Dankgebeden - tussen de gebeden door zingen we het refrein van Psalm 67
 Collecte
 Slotlied NLB 704 – Dank, dank nu allen God
 Zegen (en gezongen amen)"
2024-11-17,KB,Martien,"Welkom
Stiltemoment
Votum en Groet
Opwekking 719 Indescribable (zingen in het Engels!)
PsalmProject Ps.51 811 Witter dan sneeuw – 
Gebed
Kindermoment
Kinderen naar Chrisclub
Schriftlezing: Joël 1: 1-14 en 2: 12-14 en 2: 21-24
Preek
Lied: 
Breng ons in evenwicht
 – Schrijvers voor gerechtigheid
Voorbedegebed
Collecte: 
Dan bent U met ons
… - schrijvers voor gerechtigheid
Slotlied: 
Toekomst vol van hoop
 - Sela
Zegen"
2024-11-24,Band,Cornerstone (Lineke),"Gedicht
Stiltemoment
Welkom & Votum & Groet
Opwekking 281 
Als een hert dat verlangt
Woord van bemoediging
Opwekking 789 Lopen op het water 
Mededelingen
Gebed                                                  
Collecte [Gezang 981: 
Zolang er mensen zijn op aarde, 
nieuwe liedboek]
Kindermoment
Bijbellezing: Spreuken 14 vers 10
Bijbellezing: Marcus 14: 32-42
Luisterlied: 
Ken je mij
 – Oosterhuis
Preek
Ik zal er zijn
 – Sela
GEDENKEN:
4 gedachteniskaarsen
Lied 
De mensen die we missen
 – Sela 
Gedenken door allen
Slotlied: Opwekking 818 
Op die dag
Zegen"
2024-12-01,KB,A Capella KB (Marnix),"(in de adventstijd begint de dienst steeds met een nieuw couplet van het 'kaarsenlied')
 Het kaarsenlied (refrein + couplet 1)
 Aansteken van de eerste adventskaars
 Lezen: Jesaja 2:4-5
Moment van stilte, votum en groet
 Lied: Onze schuilplaats is God
 Geloofsbelijdenis (NIcea)
 Lied: Father we love You!
Kinderen gaan naar de chrisclubs
 Intro op de lezingen en de thema’s van advent
 Bijbellezing: Lucas 3:1-17
 Antwoordlied: Licht aan! (SvG)
Gebeden
 Collecte (lied: opw. 592)
Inleiding op de viering van de Maaltijd
 Lied: Zolang er mensen zijn op aarde (NLB 981:1,2,4,5)
 Viering HA (tijdens de viering liederen van Sela)
Dankzegging en slotlied: Adem om van U te zingen (Psalmen voor Nu 145)
 Zegen"
2024-12-08,Band,Abba (Antonie),"We beginnen met het 'Kaarsenlied' en het aansteken van de tweede adventskaars
 Welkom (fijn dat je er bent!) en opening van de dienst
 Lied: Toekomst vol van hoop (Sela)
 Leefregel: Matt. 5,3-10
 Lied: aan uw voeten Heer (Opw. 462)
 Met de kinderen
 Intro, gebed en bijbellezing: Jesaja 57:14-21
 Psalmen voor Nu 16: Ik val niet uit zijn hand
 Preek
 Sela - Magnificat
 Voorbeden
 Collecte (en presentatie van pioniersplek Dichtbij)
 Slotlied: Er is een dag (opw. 585)
 Zegen"
2024-12-15,KB,Koos,"Kaarslied + Kaarsmoment + Bijbeltekst
Welkom
Votum & Groet
Gezang 433 
Kom tot ons de wereld wacht, couplet 1,3,4,5  
(Liedboek, 2013) 
Geloofsbelijdenis
Gezang 913 
Wat de toekomst brenge moge…
  couplet 1, 2 en 4  (Liedboek, 2013) 
Gebed
Kindermoment
Schriftlezing: Jesaja 44: 21-23 en Lucas 15: 1-3 en 11-24
Preek
Opwekking 811 
Witter dan sneeuw         
Voorbedegebed
Mededelingen
Collecte                [luisterlied: 
Kom tot ons Heer
 – Sela]
Slotlied: 
Wij blijven geloven…
Zegen"
2024-12-22,Orgel,Arjan,"Projectlied, adventskaars en Bijbeltekst
Welkom, Votum en Groet
Psalm 65 couplet 1, 2 en 3 – vertaling Levensliederen
Gebed
Gezang 439 
Verwacht de komst des Heren
, couplet 1 t/m 4
Kindermoment (na lied naar Chrisclub)
Opwekking 42 ‘
k Stel mijn vertrouwen op de Heer, mijn God 
(canon)
Inleiding op Bijbellezing; deel 2
Bijbellezing: Jesaja 2: 1-5 en Openbaring 21: 1-5
Preek
Gezang 1010 
Geef vrede, Heer geef vrede
, couplet 1 t/m 4
Mededelingen
Voorbedegebed
Collecte
De wet als wegzending
Gezang 426 
God to enfold you / God zal je hoeden
.
Zegen"
2024-12-24,Orgel,Jan,"De kerkdienst wordt gehouden in de Immanuelkerk en wordt ook uitgezonden via Youtube
Klik 
hier
 om de dienst van deze week te bekijken"
2024-12-25,Band ,Kerstband olv Luuk,"Van duister naar het Licht - vrede op aarde!
De kerkdienst wordt gehouden in de Immanuelkerk en wordt ook uitgezonden via Youtube
Klik 
hier
 om de dienst van deze week te bekijken.
Kerstfeest 2024
Kinderen komen binnen met lampionnen
Lied 1: 
Joy to the world
Lied 2: 
Komt allen tezamen
Welkom, 
Stiltemoment, Votum & Groet
Lied 
Onze Schuilplaats is God
Lied 
In ons hart geboren
 (Sela)
Gebed
Kindermoment
Lied 
Vrolijk kerstfeest iedereen (Wonderbare raadsman)
Bijbellezing: Lucas 2: 1-20
Preek
Lied 6: 
Way Maker
 (Light in the darkness)
Mededelingen
Gebed
Collect (lied 7: Miljoenen stemmen – Schrijvers voor gerechtigheid)
Slotlied 
Ere zij God
Zegen"
2024-12-29,Orgel,Christoffel,"De kerkdienst wordt gehouden in de Immanuelkerk en wordt ook uitgezonden via Youtube
Klik 
hier
 om de dienst van deze week te bekijken"
2025-01-05,KB,Arend,"Welkom! Opening van de dienst
 Votum en groet (gesproken)
 Lied: Onze schuilplaats is God
 Belijdenis: getuigenis van Jonathan de Jong
 Lied - Heer, u bent mijn leven (vers 1,3,4) - gekozen door Mynke Sysling
Gebed voor kerk en wereld - Maartje Sonneveld
 Inleiding op lezing en lied: ‘Spreek o Heer’ (Opw. 689 - gekozen door Heleen Rietveld)
 Bijbellezing door Mynke Sysling: Matteüs 3:13-17
 Korte overdenking: de doop van Jezus
 Lied: Mijn Jezus mijn redder - gekozen door Sarah Duister
Uitleg over doop en belijdenis
 Doopvragen en bediening van de Heilige Doop
 Openbare gebloofsbelijdenis 
 Lied: zegen mij!
Collecte (tijdens collecte: who am I - Casting Crowns, gekozen door Maartje Sonneveld)
Inleiding op het Avondmaal
 Viering Avondmaal (tijdens viering o.a. 'turn your eyes upon Jesus' - gekozen door Julia van der Velde)
Slotlied en dankzegging: Psalm 145 PvN (Adem om van u te zingen)
 Zegen"
2025-01-12,Orgel,Mattijs,"Welkom! Opening van de dienst
 Openingslied: Psalm 100 (DNP)
 Leefregel
 Lied: Father, we love you (NLB 875)
 Introductie op het thema, gebed en lezingen: Exodus 3:13-15 en Heidelbergse Catechismus, zondag 47 
 Lied: Abba Vader U alleen (NLB 886)
 Preek
 Antwoordlied: ‘Heer onze Heer, hoe heerlijk is uw Naam’ (Gereformeerd Kerkboek 8a)
 Voorbeden
 Collecten
 Slotlied: Heilig, Heilig, Heilig (NLB 405a)
 Zegen"
2025-01-19,KB,Julia+ Sophie en Lineke,"Welkom
Mededeling overlijden br. Jan van den Poll
Opwekking 640 
Ik hef mijn ogen op naar de bergen…
Votum & Groet & Amen (gesproken)
Lied 1005 
Zoekend naar licht
                      Liedboek, 2013
Kindermoment over bidden
Gebed
Lied: 
Als je bidt zal Hij je geven…
                [kinderen naar Chrisclub en tieners naar BEAM]
Bijbellezing: Marcus 1: 9-15
Heidelbergse Catechismus: Zondag 48 (Wat is de tweede bede) en Zondag 49 (derde bede)
Psalm 98 couplet 1 en 2                tekst: De nieuwe psalmberijming             (muziek van Psalternatief)
Preek
Lied 
Licht aan 
– Schrijvers voor gerechtigheid
Mededelingen
Voorbedegebed
Collecte voor Youth for Christ / The Mall
Slotlied: Opwekking 832 
Jezus Overwinnaar
Zegen"
2025-01-24,,Martien,"De samenkomst wordt gehouden in de Immanuelkerk en wordt ook uitgezonden via Youtube
Klik 
hier
 om de dienst te bekijken
Locatie
Immanuelkerk
Schoemakerstraat 1
Delft"
2025-01-26,Band,VGSD (Sander),"Welkom, Votum & Groet
Opwekking 464  
Wees stil voor het aangezicht van God
Leefregel
Opwekking 876 
Voor altijd heilig
Kindermoment over bidden
Gebed
Inleiding op de doop
Opwekking 599 
Kom tot de Vader
Doopvragen en Heilige Doop
Lied: 
Zegen voor de kinderen
 - Sela
Bijbellezing: Lucas 11: 1-13
Preek
Opwekking 436 
Onze Vader
Mededelingen
Voorbedegebed
Collecte: Financiële ondersteuning (diaconie)
Slotlied: 
De kerk van alle tijden 
(LEV)
Zegen"
